country,male_avg_salary,female_avg_salary,pay_gap
"Saudi Arabia",24744.218182,23703.428571,1040.789611
Syria,24380.000000,23624.571429,755.428571
Egypt,25209.238494,24856.114286,353.124208
"United Arab Emirates",24582.763636,25134.260870,-551.497234
Lebanon,21482.000000,26748.000000,-5266.000000
